-- SQL CLI COMMAND: mysql -u root -p devko < test.sql

INSERT INTO devko.users (id, userName, profileImage, interestPosition, interestArea, selfDescription, createdAt, updatedAt, grade, notification, googleId, naverId) VALUES
  ('1', 'User1', 'profile1.jpg', 'Developer', 'Technology', 'Description 1', '2024-02-03 12:00:00', '2024-02-03 12:00:00', 3, 1, 123, 456),
  ('2', 'User2', 'profile2.jpg', 'Designer', 'Art', 'Description 2', '2024-02-03 12:05:00', '2024-02-03 12:05:00', 4, 1, 789, 987),
  ('3', 'User3', 'profile3.jpg', 'Engineer', 'Engineering', 'Description 3', '2024-02-03 12:10:00', '2024-02-03 12:10:00', 5, 1, 654, 321),
  ('4', 'User4', 'profile4.jpg', 'Analyst', 'Finance', 'Description 4', '2024-02-03 12:15:00', '2024-02-03 12:15:00', 3, 1, 987, 654),
  ('5', 'User5', 'profile5.jpg', 'Manager', 'Management', 'Description 5', '2024-02-03 12:20:00', '2024-02-03 12:20:00', 2, 1, 234, 567),
  ('6', 'User6', 'profile6.jpg', 'Developer', 'Technology', 'Description 6', '2024-02-03 12:25:00', '2024-02-03 12:25:00', 4, 1, 876, 543),
  ('7', 'User7', 'profile7.jpg', 'Designer', 'Art', 'Description 7', '2024-02-03 12:30:00', '2024-02-03 12:30:00', 5, 1, 345, 678),
  ('8', 'User8', 'profile8.jpg', 'Engineer', 'Engineering', 'Description 8', '2024-02-03 12:35:00', '2024-02-03 12:35:00', 3, 1, 123, 876),
  ('9', 'User9', 'profile9.jpg', 'Analyst', 'Finance', 'Description 9', '2024-02-03 12:40:00', '2024-02-03 12:40:00', 4, 1, 654, 987),
  ('10', 'User10', 'profile10.jpg', 'Manager', 'Management', 'Description 10', '2024-02-03 12:45:00', '2024-02-03 12:45:00', 5, 1, 876, 234),
  ('11', 'User11', 'profile11.jpg', 'Developer', 'Technology', 'Description 11', '2024-02-03 12:50:00', '2024-02-03 12:50:00', 3, 1, 234, 567),
  ('12', 'User12', 'profile12.jpg', 'Designer', 'Art', 'Description 12', '2024-02-03 12:55:00', '2024-02-03 12:55:00', 4, 1, 876, 123),
  ('13', 'User13', 'profile13.jpg', 'Engineer', 'Engineering', 'Description 13', '2024-02-03 13:00:00', '2024-02-03 13:00:00', 5, 1, 345, 789),
  ('14', 'User14', 'profile14.jpg', 'Analyst', 'Finance', 'Description 14', '2024-02-03 13:05:00', '2024-02-03 13:05:00', 3, 1, 567, 234),
  ('15', 'User15', 'profile15.jpg', 'Manager', 'Management', 'Description 15', '2024-02-03 13:10:00', '2024-02-03 13:10:00', 2, 1, 789, 876),
  ('16', 'User16', 'profile16.jpg', 'Developer', 'Technology', 'Description 16', '2024-02-03 13:15:00', '2024-02-03 13:15:00', 4, 1, 234, 567),
  ('17', 'User17', 'profile17.jpg', 'Designer', 'Art', 'Description 17', '2024-02-03 13:20:00', '2024-02-03 13:20:00', 5, 1, 876, 123),
  ('18', 'User18', 'profile18.jpg', 'Engineer', 'Engineering', 'Description 18', '2024-02-03 13:25:00', '2024-02-03 13:25:00', 3, 1, 345, 789),
  ('19', 'User19', 'profile19.jpg', 'Analyst', 'Finance', 'Description 19', '2024-02-03 13:30:00', '2024-02-03 13:30:00', 4, 1, 567, 234),
  ('20', 'User20', 'profile20.jpg', 'Manager', 'Management', 'Description 20', '2024-02-03 13:35:00', '2024-02-03 13:35:00', 5, 1, 789, 876),
  ('21', 'User21', 'profile21.jpg', 'Developer', 'Technology', 'Description 21', '2024-02-03 13:40:00', '2024-02-03 13:40:00', 3, 1, 234, 567),
  ('22', 'User22', 'profile22.jpg', 'Designer', 'Art', 'Description 22', '2024-02-03 13:45:00', '2024-02-03 13:45:00', 4, 1, 876, 123),
  ('23', 'User23', 'profile23.jpg', 'Engineer', 'Engineering', 'Description 23', '2024-02-03 13:50:00', '2024-02-03 13:50:00', 5, 1, 345, 789),
  ('24', 'User24', 'profile24.jpg', 'Analyst', 'Finance', 'Description 24', '2024-02-03 13:55:00', '2024-02-03 13:55:00', 3, 1, 567, 234),
  ('25', 'User25', 'profile25.jpg', 'Manager', 'Management', 'Description 25', '2024-02-03 14:00:00', '2024-02-03 14:00:00', 2, 1, 789, 876),
  ('26', 'User26', 'profile26.jpg', 'Developer', 'Technology', 'Description 26', '2024-02-03 14:05:00', '2024-02-03 14:05:00', 4, 1, 234, 567),
  ('27', 'User27', 'profile27.jpg', 'Designer', 'Art', 'Description 27', '2024-02-03 14:10:00', '2024-02-03 14:10:00', 5, 1, 876, 123),
  ('28', 'User28', 'profile28.jpg', 'Engineer', 'Engineering', 'Description 28', '2024-02-03 14:15:00', '2024-02-03 14:15:00', 3, 1, 345, 789),
  ('29', 'User29', 'profile29.jpg', 'Analyst', 'Finance', 'Description 29', '2024-02-03 14:20:00', '2024-02-03 14:20:00', 4, 1, 567, 234),
  ('30', 'User30', 'profile30.jpg', 'Manager', 'Management', 'Description 30', '2024-02-03 14:25:00', '2024-02-03 14:25:00', 5, 1, 789, 876),
  ('31', 'User31', 'profile31.jpg', 'Developer', 'Technology', 'Description 31', '2024-02-03 14:30:00', '2024-02-03 14:30:00', 3, 1, 234, 567),
  ('32', 'User32', 'profile32.jpg', 'Designer', 'Art', 'Description 32', '2024-02-03 14:35:00', '2024-02-03 14:35:00', 4, 1, 876, 123),
  ('33', 'User33', 'profile33.jpg', 'Engineer', 'Engineering', 'Description 33', '2024-02-03 14:40:00', '2024-02-03 14:40:00', 5, 1, 345, 789),
  ('34', 'User34', 'profile34.jpg', 'Analyst', 'Finance', 'Description 34', '2024-02-03 14:45:00', '2024-02-03 14:45:00', 3, 1, 567, 234),
  ('35', 'User35', 'profile35.jpg', 'Manager', 'Management', 'Description 35', '2024-02-03 14:50:00', '2024-02-03 14:50:00', 2, 1, 789, 876),
  ('36', 'User36', 'profile36.jpg', 'Developer', 'Technology', 'Description 36', '2024-02-03 14:55:00', '2024-02-03 14:55:00', 4, 1, 234, 567),
  ('37', 'User37', 'profile37.jpg', 'Designer', 'Art', 'Description 37', '2024-02-03 15:00:00', '2024-02-03 15:00:00', 5, 1, 876, 123),
  ('38', 'User38', 'profile38.jpg', 'Engineer', 'Engineering', 'Description 38', '2024-02-03 15:05:00', '2024-02-03 15:05:00', 3, 1, 345, 789),
  ('39', 'User39', 'profile39.jpg', 'Analyst', 'Finance', 'Description 39', '2024-02-03 15:10:00', '2024-02-03 15:10:00', 4, 1, 567, 234),
  ('40', 'User40', 'profile40.jpg', 'Manager', 'Management', 'Description 40', '2024-02-03 15:15:00', '2024-02-03 15:15:00', 5, 1, 789, 876),
  ('41', 'User41', 'profile41.jpg', 'Developer', 'Technology', 'Description 41', '2024-02-03 15:20:00', '2024-02-03 15:20:00', 3, 1, 234, 567),
  ('42', 'User42', 'profile42.jpg', 'Designer', 'Art', 'Description 42', '2024-02-03 15:25:00', '2024-02-03 15:25:00', 4, 1, 876, 123),
  ('43', 'User43', 'profile43.jpg', 'Engineer', 'Engineering', 'Description 43', '2024-02-03 15:30:00', '2024-02-03 15:30:00', 5, 1, 345, 789),
  ('44', 'User44', 'profile44.jpg', 'Analyst', 'Finance', 'Description 44', '2024-02-03 15:35:00', '2024-02-03 15:35:00', 3, 1, 567, 234),
  ('45', 'User45', 'profile45.jpg', 'Manager', 'Management', 'Description 45', '2024-02-03 15:40:00', '2024-02-03 15:40:00', 2, 1, 789, 876),
  ('46', 'User46', 'profile46.jpg', 'Developer', 'Technology', 'Description 46', '2024-02-03 15:45:00', '2024-02-03 15:45:00', 4, 1, 234, 567),
  ('47', 'User47', 'profile47.jpg', 'Designer', 'Art', 'Description 47', '2024-02-03 15:50:00', '2024-02-03 15:50:00', 5, 1, 876, 123),
  ('48', 'User48', 'profile48.jpg', 'Engineer', 'Engineering', 'Description 48', '2024-02-03 15:55:00', '2024-02-03 15:55:00', 3, 1, 345, 789),
  ('49', 'User49', 'profile49.jpg', 'Analyst', 'Finance', 'Description 49', '2024-02-03 16:00:00', '2024-02-03 16:00:00', 4, 1, 567, 234),
  ('50', 'User50', 'profile50.jpg', 'Manager', 'Management', 'Description 50', '2024-02-03 16:05:00', '2024-02-03 16:05:00', 5, 1, 789, 876),
  ('51', 'User51', 'profile51.jpg', 'Developer', 'Technology', 'Description 51', '2024-02-03 16:10:00', '2024-02-03 16:10:00', 3, 1, 234, 567),
  ('52', 'User52', 'profile52.jpg', 'Designer', 'Art', 'Description 52', '2024-02-03 16:15:00', '2024-02-03 16:15:00', 4, 1, 876, 123),
  ('53', 'User53', 'profile53.jpg', 'Engineer', 'Engineering', 'Description 53', '2024-02-03 16:20:00', '2024-02-03 16:20:00', 5, 1, 345, 789),
  ('54', 'User54', 'profile54.jpg', 'Analyst', 'Finance', 'Description 54', '2024-02-03 16:25:00', '2024-02-03 16:25:00', 3, 1, 567, 234),
  ('55', 'User55', 'profile55.jpg', 'Manager', 'Management', 'Description 55', '2024-02-03 16:30:00', '2024-02-03 16:30:00', 2, 1, 789, 876),
  ('56', 'User56', 'profile56.jpg', 'Developer', 'Technology', 'Description 56', '2024-02-03 16:35:00', '2024-02-03 16:35:00', 4, 1, 234, 567),
  ('57', 'User57', 'profile57.jpg', 'Designer', 'Art', 'Description 57', '2024-02-03 16:40:00', '2024-02-03 16:40:00', 5, 1, 876, 123),
  ('58', 'User58', 'profile58.jpg', 'Engineer', 'Engineering', 'Description 58', '2024-02-03 16:45:00', '2024-02-03 16:45:00', 3, 1, 345, 789),
  ('59', 'User59', 'profile59.jpg', 'Analyst', 'Finance', 'Description 59', '2024-02-03 16:50:00', '2024-02-03 16:50:00', 4, 1, 567, 234),
  ('60', 'User60', 'profile60.jpg', 'Manager', 'Management', 'Description 60', '2024-02-03 16:55:00', '2024-02-03 16:55:00', 5, 1, 789, 876),
  ('61', 'User61', 'profile61.jpg', 'Developer', 'Technology', 'Description 61', '2024-02-03 17:00:00', '2024-02-03 17:00:00', 3, 1, 234, 567),
  ('62', 'User62', 'profile62.jpg', 'Designer', 'Art', 'Description 62', '2024-02-03 17:05:00', '2024-02-03 17:05:00', 4, 1, 876, 123),
  ('63', 'User63', 'profile63.jpg', 'Engineer', 'Engineering', 'Description 63', '2024-02-03 17:10:00', '2024-02-03 17:10:00', 5, 1, 345, 789),
  ('64', 'User64', 'profile64.jpg', 'Analyst', 'Finance', 'Description 64', '2024-02-03 17:15:00', '2024-02-03 17:15:00', 3, 1, 567, 234),
  ('65', 'User65', 'profile65.jpg', 'Manager', 'Management', 'Description 65', '2024-02-03 17:20:00', '2024-02-03 17:20:00', 2, 1, 789, 876),
  ('66', 'User66', 'profile66.jpg', 'Developer', 'Technology', 'Description 66', '2024-02-03 17:25:00', '2024-02-03 17:25:00', 4, 1, 234, 567),
  ('67', 'User67', 'profile67.jpg', 'Designer', 'Art', 'Description 67', '2024-02-03 17:30:00', '2024-02-03 17:30:00', 5, 1, 876, 123),
  ('68', 'User68', 'profile68.jpg', 'Engineer', 'Engineering', 'Description 68', '2024-02-03 17:35:00', '2024-02-03 17:35:00', 3, 1, 345, 789),
  ('69', 'User69', 'profile69.jpg', 'Analyst', 'Finance', 'Description 69', '2024-02-03 17:40:00', '2024-02-03 17:40:00', 4, 1, 567, 234),
  ('70', 'User70', 'profile70.jpg', 'Manager', 'Management', 'Description 70', '2024-02-03 17:45:00', '2024-02-03 17:45:00', 5, 1, 789, 876),
  ('71', 'User71', 'profile71.jpg', 'Developer', 'Technology', 'Description 71', '2024-02-03 17:50:00', '2024-02-03 17:50:00', 3, 1, 234, 567),
  ('72', 'User72', 'profile72.jpg', 'Designer', 'Art', 'Description 72', '2024-02-03 17:55:00', '2024-02-03 17:55:00', 4, 1, 876, 123),
  ('73', 'User73', 'profile73.jpg', 'Engineer', 'Engineering', 'Description 73', '2024-02-03 18:00:00', '2024-02-03 18:00:00', 5, 1, 345, 789),
  ('74', 'User74', 'profile74.jpg', 'Analyst', 'Finance', 'Description 74', '2024-02-03 18:05:00', '2024-02-03 18:05:00', 3, 1, 567, 234),
  ('75', 'User75', 'profile75.jpg', 'Manager', 'Management', 'Description 75', '2024-02-03 18:10:00', '2024-02-03 18:10:00', 2, 1, 789, 876),
  ('76', 'User76', 'profile76.jpg', 'Developer', 'Technology', 'Description 76', '2024-02-03 18:15:00', '2024-02-03 18:15:00', 4, 1, 234, 567),
  ('77', 'User77', 'profile77.jpg', 'Designer', 'Art', 'Description 77', '2024-02-03 18:20:00', '2024-02-03 18:20:00', 5, 1, 876, 123),
  ('78', 'User78', 'profile78.jpg', 'Engineer', 'Engineering', 'Description 78', '2024-02-03 18:25:00', '2024-02-03 18:25:00', 3, 1, 345, 789),
  ('79', 'User79', 'profile79.jpg', 'Analyst', 'Finance', 'Description 79', '2024-02-03 18:30:00', '2024-02-03 18:30:00', 4, 1, 567, 234),
  ('80', 'User80', 'profile80.jpg', 'Manager', 'Management', 'Description 80', '2024-02-03 18:35:00', '2024-02-03 18:35:00', 5, 1, 789, 876),
  ('81', 'User81', 'profile81.jpg', 'Developer', 'Technology', 'Description 81', '2024-02-03 18:40:00', '2024-02-03 18:40:00', 3, 1, 234, 567),
  ('82', 'User82', 'profile82.jpg', 'Designer', 'Art', 'Description 82', '2024-02-03 18:45:00', '2024-02-03 18:45:00', 4, 1, 876, 123),
  ('83', 'User83', 'profile83.jpg', 'Engineer', 'Engineering', 'Description 83', '2024-02-03 18:50:00', '2024-02-03 18:50:00', 5, 1, 345, 789),
  ('84', 'User84', 'profile84.jpg', 'Analyst', 'Finance', 'Description 84', '2024-02-03 18:55:00', '2024-02-03 18:55:00', 3, 1, 567, 234),
  ('85', 'User85', 'profile85.jpg', 'Manager', 'Management', 'Description 85', '2024-02-03 19:00:00', '2024-02-03 19:00:00', 2, 1, 789, 876),
  ('86', 'User86', 'profile86.jpg', 'Developer', 'Technology', 'Description 86', '2024-02-03 19:05:00', '2024-02-03 19:05:00', 4, 1, 234, 567),
  ('87', 'User87', 'profile87.jpg', 'Designer', 'Art', 'Description 87', '2024-02-03 19:10:00', '2024-02-03 19:10:00', 5, 1, 876, 123),
  ('88', 'User88', 'profile88.jpg', 'Engineer', 'Engineering', 'Description 88', '2024-02-03 19:15:00', '2024-02-03 19:15:00', 3, 1, 345, 789),
  ('89', 'User89', 'profile89.jpg', 'Analyst', 'Finance', 'Description 89', '2024-02-03 19:20:00', '2024-02-03 19:20:00', 4, 1, 567, 234),
  ('90', 'User90', 'profile90.jpg', 'Manager', 'Management', 'Description 90', '2024-02-03 19:25:00', '2024-02-03 19:25:00', 5, 1, 789, 876),
  ('91', 'User91', 'profile91.jpg', 'Developer', 'Technology', 'Description 91', '2024-02-03 19:30:00', '2024-02-03 19:30:00', 3, 1, 234, 567),
  ('92', 'User92', 'profile92.jpg', 'Designer', 'Art', 'Description 92', '2024-02-03 19:35:00', '2024-02-03 19:35:00', 4, 1, 876, 123),
  ('93', 'User93', 'profile93.jpg', 'Engineer', 'Engineering', 'Description 93', '2024-02-03 19:40:00', '2024-02-03 19:40:00', 5, 1, 345, 789),
  ('94', 'User94', 'profile94.jpg', 'Analyst', 'Finance', 'Description 94', '2024-02-03 19:45:00', '2024-02-03 19:45:00', 3, 1, 567, 234),
  ('95', 'User95', 'profile95.jpg', 'Manager', 'Management', 'Description 95', '2024-02-03 19:50:00', '2024-02-03 19:50:00', 2, 1, 789, 876),
  ('96', 'User96', 'profile96.jpg', 'Developer', 'Technology', 'Description 96', '2024-02-03 19:55:00', '2024-02-03 19:55:00', 4, 1, 234, 567),
  ('97', 'User97', 'profile97.jpg', 'Designer', 'Art', 'Description 97', '2024-02-03 20:00:00', '2024-02-03 20:00:00', 5, 1, 876, 123),
  ('98', 'User98', 'profile98.jpg', 'Engineer', 'Engineering', 'Description 98', '2024-02-03 20:05:00', '2024-02-03 20:05:00', 3, 1, 345, 789),
  ('99', 'User99', 'profile99.jpg', 'Analyst', 'Finance', 'Description 99', '2024-02-03 20:10:00', '2024-02-03 20:10:00', 4, 1, 567, 234),
  ('100', 'User100', 'profile100.jpg', 'Manager', 'Management', 'Description 100', '2024-02-03 20:15:00', '2024-02-03 20:15:00', 5, 1, 789, 876);


INSERT INTO devko.discuss (title, content, createdAt, updatedAt, userId)
VALUES
  ('Discuss 1', 'Discussion content for Discuss 1', '2024-02-03 13:00:00', '2024-02-03 13:00:00', '1'),
  ('Discuss 2', 'Discussion content for Discuss 2', '2024-02-03 13:05:00', '2024-02-03 13:05:00', '2'),
  ('Discuss 3', 'Discussion content for Discuss 3', '2024-02-03 13:10:00', '2024-02-03 13:10:00', '3'),
  ('Discuss 4', 'Discussion content for Discuss 4', '2024-02-03 13:15:00', '2024-02-03 13:15:00', '4'),
  ('Discuss 5', 'Discussion content for Discuss 5', '2024-02-03 13:20:00', '2024-02-03 13:20:00', '5'),
  ('Discuss 6', 'Discussion content for Discuss 6', '2024-02-03 13:25:00', '2024-02-03 13:25:00', '6'),
  ('Discuss 7', 'Discussion content for Discuss 7', '2024-02-03 13:30:00', '2024-02-03 13:30:00', '7'),
  ('Discuss 8', 'Discussion content for Discuss 8', '2024-02-03 13:35:00', '2024-02-03 13:35:00', '8'),
  ('Discuss 9', 'Discussion content for Discuss 9', '2024-02-03 13:40:00', '2024-02-03 13:40:00', '9'),
  ('Discuss 10', 'Discussion content for Discuss 10', '2024-02-03 13:45:00', '2024-02-03 13:45:00', '10'),
  ('Discuss 11', 'Discussion content for Discuss 11', '2024-02-03 13:50:00', '2024-02-03 13:50:00', '11'),
  ('Discuss 12', 'Discussion content for Discuss 12', '2024-02-03 13:55:00', '2024-02-03 13:55:00', '12'),
  ('Discuss 13', 'Discussion content for Discuss 13', '2024-02-03 14:00:00', '2024-02-03 14:00:00', '13'),
  ('Discuss 14', 'Discussion content for Discuss 14', '2024-02-03 14:05:00', '2024-02-03 14:05:00', '14'),
  ('Discuss 15', 'Discussion content for Discuss 15', '2024-02-03 14:10:00', '2024-02-03 14:10:00', '15'),
  ('Discuss 16', 'Discussion content for Discuss 16', '2024-02-03 14:15:00', '2024-02-03 14:15:00', '16'),
  ('Discuss 17', 'Discussion content for Discuss 17', '2024-02-03 14:20:00', '2024-02-03 14:20:00', '17'),
  ('Discuss 18', 'Discussion content for Discuss 18', '2024-02-03 14:25:00', '2024-02-03 14:25:00', '18'),
  ('Discuss 19', 'Discussion content for Discuss 19', '2024-02-03 14:30:00', '2024-02-03 14:30:00', '19'),
  ('Discuss 20', 'Discussion content for Discuss 20', '2024-02-03 14:35:00', '2024-02-03 14:35:00', '20'),
  ('Discuss 21', 'Discussion content for Discuss 21', '2024-02-03 14:40:00', '2024-02-03 14:40:00', '21'),
  ('Discuss 22', 'Discussion content for Discuss 22', '2024-02-03 14:45:00', '2024-02-03 14:45:00', '22'),
  ('Discuss 23', 'Discussion content for Discuss 23', '2024-02-03 14:50:00', '2024-02-03 14:50:00', '23'),
  ('Discuss 24', 'Discussion content for Discuss 24', '2024-02-03 14:55:00', '2024-02-03 14:55:00', '24'),
  ('Discuss 25', 'Discussion content for Discuss 25', '2024-02-03 15:00:00', '2024-02-03 15:00:00', '25'),
  ('Discuss 26', 'Discussion content for Discuss 26', '2024-02-03 15:05:00', '2024-02-03 15:05:00', '26'),
  ('Discuss 27', 'Discussion content for Discuss 27', '2024-02-03 15:10:00', '2024-02-03 15:10:00', '27'),
  ('Discuss 28', 'Discussion content for Discuss 28', '2024-02-03 15:15:00', '2024-02-03 15:15:00', '28'),
  ('Discuss 29', 'Discussion content for Discuss 29', '2024-02-03 15:20:00', '2024-02-03 15:20:00', '29'),
  ('Discuss 30', 'Discussion content for Discuss 30', '2024-02-03 15:25:00', '2024-02-03 15:25:00', '30'),
  ('Discuss 31', 'Discussion content for Discuss 31', '2024-02-03 15:30:00', '2024-02-03 15:30:00', '31'),
  ('Discuss 32', 'Discussion content for Discuss 32', '2024-02-03 15:35:00', '2024-02-03 15:35:00', '32'),
  ('Discuss 33', 'Discussion content for Discuss 33', '2024-02-03 15:40:00', '2024-02-03 15:40:00', '33'),
  ('Discuss 34', 'Discussion content for Discuss 34', '2024-02-03 15:45:00', '2024-02-03 15:45:00', '34'),
  ('Discuss 35', 'Discussion content for Discuss 35', '2024-02-03 15:50:00', '2024-02-03 15:50:00', '35'),
  ('Discuss 36', 'Discussion content for Discuss 36', '2024-02-03 15:55:00', '2024-02-03 15:55:00', '36'),
  ('Discuss 37', 'Discussion content for Discuss 37', '2024-02-03 16:00:00', '2024-02-03 16:00:00', '37'),
  ('Discuss 38', 'Discussion content for Discuss 38', '2024-02-03 16:05:00', '2024-02-03 16:05:00', '38'),
  ('Discuss 39', 'Discussion content for Discuss 39', '2024-02-03 16:10:00', '2024-02-03 16:10:00', '39'),
  ('Discuss 40', 'Discussion content for Discuss 40', '2024-02-03 16:15:00', '2024-02-03 16:15:00', '40'),
  ('Discuss 41', 'Discussion content for Discuss 41', '2024-02-03 16:20:00', '2024-02-03 16:20:00', '41'),
  ('Discuss 42', 'Discussion content for Discuss 42', '2024-02-03 16:25:00', '2024-02-03 16:25:00', '42'),
  ('Discuss 43', 'Discussion content for Discuss 43', '2024-02-03 16:30:00', '2024-02-03 16:30:00', '43'),
  ('Discuss 44', 'Discussion content for Discuss 44', '2024-02-03 16:35:00', '2024-02-03 16:35:00', '44'),
  ('Discuss 45', 'Discussion content for Discuss 45', '2024-02-03 16:40:00', '2024-02-03 16:40:00', '45'),
  ('Discuss 46', 'Discussion content for Discuss 46', '2024-02-03 16:45:00', '2024-02-03 16:45:00', '46'),
  ('Discuss 47', 'Discussion content for Discuss 47', '2024-02-03 16:50:00', '2024-02-03 16:50:00', '47'),
  ('Discuss 48', 'Discussion content for Discuss 48', '2024-02-03 16:55:00', '2024-02-03 16:55:00', '48'),
  ('Discuss 49', 'Discussion content for Discuss 49', '2024-02-03 17:00:00', '2024-02-03 17:00:00', '49'),
  ('Discuss 50', 'Discussion content for Discuss 50', '2024-02-03 17:05:00', '2024-02-03 17:05:00', '50'),
  ('Discuss 51', 'Discussion content for Discuss 51', '2024-02-03 17:10:00', '2024-02-03 17:10:00', '51'),
  ('Discuss 52', 'Discussion content for Discuss 52', '2024-02-03 17:15:00', '2024-02-03 17:15:00', '52'),
  ('Discuss 53', 'Discussion content for Discuss 53', '2024-02-03 17:20:00', '2024-02-03 17:20:00', '53'),
  ('Discuss 54', 'Discussion content for Discuss 54', '2024-02-03 17:25:00', '2024-02-03 17:25:00', '54'),
  ('Discuss 55', 'Discussion content for Discuss 55', '2024-02-03 17:30:00', '2024-02-03 17:30:00', '55'),
  ('Discuss 56', 'Discussion content for Discuss 56', '2024-02-03 17:35:00', '2024-02-03 17:35:00', '56'),
  ('Discuss 57', 'Discussion content for Discuss 57', '2024-02-03 17:40:00', '2024-02-03 17:40:00', '57'),
  ('Discuss 58', 'Discussion content for Discuss 58', '2024-02-03 17:45:00', '2024-02-03 17:45:00', '58'),
  ('Discuss 59', 'Discussion content for Discuss 59', '2024-02-03 17:50:00', '2024-02-03 17:50:00', '59'),
  ('Discuss 60', 'Discussion content for Discuss 60', '2024-02-03 17:55:00', '2024-02-03 17:55:00', '60'),
  ('Discuss 61', 'Discussion content for Discuss 61', '2024-02-03 18:00:00', '2024-02-03 18:00:00', '61'),
  ('Discuss 62', 'Discussion content for Discuss 62', '2024-02-03 18:05:00', '2024-02-03 18:05:00', '62'),
  ('Discuss 63', 'Discussion content for Discuss 63', '2024-02-03 18:10:00', '2024-02-03 18:10:00', '63'),
  ('Discuss 64', 'Discussion content for Discuss 64', '2024-02-03 18:15:00', '2024-02-03 18:15:00', '64'),
  ('Discuss 65', 'Discussion content for Discuss 65', '2024-02-03 18:20:00', '2024-02-03 18:20:00', '65'),
  ('Discuss 66', 'Discussion content for Discuss 66', '2024-02-03 18:25:00', '2024-02-03 18:25:00', '66'),
  ('Discuss 67', 'Discussion content for Discuss 67', '2024-02-03 18:30:00', '2024-02-03 18:30:00', '67'),
  ('Discuss 68', 'Discussion content for Discuss 68', '2024-02-03 18:35:00', '2024-02-03 18:35:00', '68'),
  ('Discuss 69', 'Discussion content for Discuss 69', '2024-02-03 18:40:00', '2024-02-03 18:40:00', '69'),
  ('Discuss 70', 'Discussion content for Discuss 70', '2024-02-03 18:45:00', '2024-02-03 18:45:00', '70'),
  ('Discuss 71', 'Discussion content for Discuss 71', '2024-02-03 18:50:00', '2024-02-03 18:50:00', '71'),
  ('Discuss 72', 'Discussion content for Discuss 72', '2024-02-03 18:55:00', '2024-02-03 18:55:00', '72'),
  ('Discuss 73', 'Discussion content for Discuss 73', '2024-02-03 19:00:00', '2024-02-03 19:00:00', '73'),
  ('Discuss 74', 'Discussion content for Discuss 74', '2024-02-03 19:05:00', '2024-02-03 19:05:00', '74'),
  ('Discuss 75', 'Discussion content for Discuss 75', '2024-02-03 19:10:00', '2024-02-03 19:10:00', '75'),
  ('Discuss 76', 'Discussion content for Discuss 76', '2024-02-03 19:15:00', '2024-02-03 19:15:00', '76'),
  ('Discuss 77', 'Discussion content for Discuss 77', '2024-02-03 19:20:00', '2024-02-03 19:20:00', '77'),
  ('Discuss 78', 'Discussion content for Discuss 78', '2024-02-03 19:25:00', '2024-02-03 19:25:00', '78'),
  ('Discuss 79', 'Discussion content for Discuss 79', '2024-02-03 19:30:00', '2024-02-03 19:30:00', '79'),
  ('Discuss 80', 'Discussion content for Discuss 80', '2024-02-03 19:35:00', '2024-02-03 19:35:00', '80'),
  ('Discuss 81', 'Discussion content for Discuss 81', '2024-02-03 19:40:00', '2024-02-03 19:40:00', '81'),
  ('Discuss 82', 'Discussion content for Discuss 82', '2024-02-03 19:45:00', '2024-02-03 19:45:00', '82'),
  ('Discuss 83', 'Discussion content for Discuss 83', '2024-02-03 19:50:00', '2024-02-03 19:50:00', '83'),
  ('Discuss 84', 'Discussion content for Discuss 84', '2024-02-03 19:55:00', '2024-02-03 19:55:00', '84'),
  ('Discuss 85', 'Discussion content for Discuss 85', '2024-02-03 20:00:00', '2024-02-03 20:00:00', '85'),
  ('Discuss 86', 'Discussion content for Discuss 86', '2024-02-03 20:05:00', '2024-02-03 20:05:00', '86'),
  ('Discuss 87', 'Discussion content for Discuss 87', '2024-02-03 20:10:00', '2024-02-03 20:10:00', '87'),
  ('Discuss 88', 'Discussion content for Discuss 88', '2024-02-03 20:15:00', '2024-02-03 20:15:00', '88'),
  ('Discuss 89', 'Discussion content for Discuss 89', '2024-02-03 20:20:00', '2024-02-03 20:20:00', '89'),
  ('Discuss 90', 'Discussion content for Discuss 90', '2024-02-03 20:25:00', '2024-02-03 20:25:00', '90'),
  ('Discuss 91', 'Discussion content for Discuss 91', '2024-02-03 20:30:00', '2024-02-03 20:30:00', '91'),
  ('Discuss 92', 'Discussion content for Discuss 92', '2024-02-03 20:35:00', '2024-02-03 20:35:00', '92'),
  ('Discuss 93', 'Discussion content for Discuss 93', '2024-02-03 20:40:00', '2024-02-03 20:40:00', '93'),
  ('Discuss 94', 'Discussion content for Discuss 94', '2024-02-03 20:45:00', '2024-02-03 20:45:00', '94'),
  ('Discuss 95', 'Discussion content for Discuss 95', '2024-02-03 20:50:00', '2024-02-03 20:50:00', '95'),
  ('Discuss 96', 'Discussion content for Discuss 96', '2024-02-03 20:55:00', '2024-02-03 20:55:00', '96'),
  ('Discuss 97', 'Discussion content for Discuss 97', '2024-02-03 21:00:00', '2024-02-03 21:00:00', '97'),
  ('Discuss 98', 'Discussion content for Discuss 98', '2024-02-03 21:05:00', '2024-02-03 21:05:00', '98'),
  ('Discuss 99', 'Discussion content for Discuss 99', '2024-02-03 21:10:00', '2024-02-03 21:10:00', '99'),
  ('Discuss 100', 'Discussion content for Discuss 100', '2024-02-03 21:15:00', '2024-02-03 21:15:00', '100');


INSERT INTO devko.questions (title, content, createdAt, updatedAt, userId)
VALUES
  ('Question 1', 'Question content for Question 1', '2024-02-03 13:00:00', '2024-02-03 13:00:00', '1'),
  ('Question 2', 'Question content for Question 2', '2024-02-03 13:05:00', '2024-02-03 13:05:00', '2'),
  ('Question 3', 'Question content for Question 3', '2024-02-03 13:10:00', '2024-02-03 13:10:00', '3'),
  ('Question 4', 'Question content for Question 4', '2024-02-03 13:15:00', '2024-02-03 13:15:00', '4'),
  ('Question 5', 'Question content for Question 5', '2024-02-03 13:20:00', '2024-02-03 13:20:00', '5'),
  ('Question 6', 'Question content for Question 6', '2024-02-03 13:25:00', '2024-02-03 13:25:00', '6'),
  ('Question 7', 'Question content for Question 7', '2024-02-03 13:30:00', '2024-02-03 13:30:00', '7'),
  ('Question 8', 'Question content for Question 8', '2024-02-03 13:35:00', '2024-02-03 13:35:00', '8'),
  ('Question 9', 'Question content for Question 9', '2024-02-03 13:40:00', '2024-02-03 13:40:00', '9'),
  ('Question 10', 'Question content for Question 10', '2024-02-03 13:45:00', '2024-02-03 13:45:00', '10'),
  ('Question 11', 'Question content for Question 11', '2024-02-03 13:50:00', '2024-02-03 13:50:00', '11'),
  ('Question 12', 'Question content for Question 12', '2024-02-03 13:55:00', '2024-02-03 13:55:00', '12'),
  ('Question 13', 'Question content for Question 13', '2024-02-03 14:00:00', '2024-02-03 14:00:00', '13'),
  ('Question 14', 'Question content for Question 14', '2024-02-03 14:05:00', '2024-02-03 14:05:00', '14'),
  ('Question 15', 'Question content for Question 15', '2024-02-03 14:10:00', '2024-02-03 14:10:00', '15'),
  ('Question 16', 'Question content for Question 16', '2024-02-03 14:15:00', '2024-02-03 14:15:00', '16'),
  ('Question 17', 'Question content for Question 17', '2024-02-03 14:20:00', '2024-02-03 14:20:00', '17'),
  ('Question 18', 'Question content for Question 18', '2024-02-03 14:25:00', '2024-02-03 14:25:00', '18'),
  ('Question 19', 'Question content for Question 19', '2024-02-03 14:30:00', '2024-02-03 14:30:00', '19'),
  ('Question 20', 'Question content for Question 20', '2024-02-03 14:35:00', '2024-02-03 14:35:00', '20'),
  ('Question 21', 'Question content for Question 21', '2024-02-03 14:40:00', '2024-02-03 14:40:00', '21'),
  ('Question 22', 'Question content for Question 22', '2024-02-03 14:45:00', '2024-02-03 14:45:00', '22'),
  ('Question 23', 'Question content for Question 23', '2024-02-03 14:50:00', '2024-02-03 14:50:00', '23'),
  ('Question 24', 'Question content for Question 24', '2024-02-03 14:55:00', '2024-02-03 14:55:00', '24'),
  ('Question 25', 'Question content for Question 25', '2024-02-03 15:00:00', '2024-02-03 15:00:00', '25'),
  ('Question 26', 'Question content for Question 26', '2024-02-03 15:05:00', '2024-02-03 15:05:00', '26'),
  ('Question 27', 'Question content for Question 27', '2024-02-03 15:10:00', '2024-02-03 15:10:00', '27'),
  ('Question 28', 'Question content for Question 28', '2024-02-03 15:15:00', '2024-02-03 15:15:00', '28'),
  ('Question 29', 'Question content for Question 29', '2024-02-03 15:20:00', '2024-02-03 15:20:00', '29'),
  ('Question 30', 'Question content for Question 30', '2024-02-03 15:25:00', '2024-02-03 15:25:00', '30'),
  ('Question 31', 'Question content for Question 31', '2024-02-03 15:30:00', '2024-02-03 15:30:00', '31'),
  ('Question 32', 'Question content for Question 32', '2024-02-03 15:35:00', '2024-02-03 15:35:00', '32'),
  ('Question 33', 'Question content for Question 33', '2024-02-03 15:40:00', '2024-02-03 15:40:00', '33'),
  ('Question 34', 'Question content for Question 34', '2024-02-03 15:45:00', '2024-02-03 15:45:00', '34'),
  ('Question 35', 'Question content for Question 35', '2024-02-03 15:50:00', '2024-02-03 15:50:00', '35'),
  ('Question 36', 'Question content for Question 36', '2024-02-03 15:55:00', '2024-02-03 15:55:00', '36'),
  ('Question 37', 'Question content for Question 37', '2024-02-03 16:00:00', '2024-02-03 16:00:00', '37'),
  ('Question 38', 'Question content for Question 38', '2024-02-03 16:05:00', '2024-02-03 16:05:00', '38'),
  ('Question 39', 'Question content for Question 39', '2024-02-03 16:10:00', '2024-02-03 16:10:00', '39'),
  ('Question 40', 'Question content for Question 40', '2024-02-03 16:15:00', '2024-02-03 16:15:00', '40'),
  ('Question 41', 'Question content for Question 41', '2024-02-03 16:20:00', '2024-02-03 16:20:00', '41'),
  ('Question 42', 'Question content for Question 42', '2024-02-03 16:25:00', '2024-02-03 16:25:00', '42'),
  ('Question 43', 'Question content for Question 43', '2024-02-03 16:30:00', '2024-02-03 16:30:00', '43'),
  ('Question 44', 'Question content for Question 44', '2024-02-03 16:35:00', '2024-02-03 16:35:00', '44'),
  ('Question 45', 'Question content for Question 45', '2024-02-03 16:40:00', '2024-02-03 16:40:00', '45'),
  ('Question 46', 'Question content for Question 46', '2024-02-03 16:45:00', '2024-02-03 16:45:00', '46'),
  ('Question 47', 'Question content for Question 47', '2024-02-03 16:50:00', '2024-02-03 16:50:00', '47'),
  ('Question 48', 'Question content for Question 48', '2024-02-03 16:55:00', '2024-02-03 16:55:00', '48'),
  ('Question 49', 'Question content for Question 49', '2024-02-03 17:00:00', '2024-02-03 17:00:00', '49'),
  ('Question 50', 'Question content for Question 50', '2024-02-03 17:05:00', '2024-02-03 17:05:00', '50'),
  ('Question 51', 'Question content for Question 51', '2024-02-03 17:10:00', '2024-02-03 17:10:00', '51'),
  ('Question 52', 'Question content for Question 52', '2024-02-03 17:15:00', '2024-02-03 17:15:00', '52'),
  ('Question 53', 'Question content for Question 53', '2024-02-03 17:20:00', '2024-02-03 17:20:00', '53'),
  ('Question 54', 'Question content for Question 54', '2024-02-03 17:25:00', '2024-02-03 17:25:00', '54'),
  ('Question 55', 'Question content for Question 55', '2024-02-03 17:30:00', '2024-02-03 17:30:00', '55'),
  ('Question 56', 'Question content for Question 56', '2024-02-03 17:35:00', '2024-02-03 17:35:00', '56'),
  ('Question 57', 'Question content for Question 57', '2024-02-03 17:40:00', '2024-02-03 17:40:00', '57'),
  ('Question 58', 'Question content for Question 58', '2024-02-03 17:45:00', '2024-02-03 17:45:00', '58'),
  ('Question 59', 'Question content for Question 59', '2024-02-03 17:50:00', '2024-02-03 17:50:00', '59'),
  ('Question 60', 'Question content for Question 60', '2024-02-03 17:55:00', '2024-02-03 17:55:00', '60'),
  ('Question 61', 'Question content for Question 61', '2024-02-03 18:00:00', '2024-02-03 18:00:00', '61'),
  ('Question 62', 'Question content for Question 62', '2024-02-03 18:05:00', '2024-02-03 18:05:00', '62'),
  ('Question 63', 'Question content for Question 63', '2024-02-03 18:10:00', '2024-02-03 18:10:00', '63'),
  ('Question 64', 'Question content for Question 64', '2024-02-03 18:15:00', '2024-02-03 18:15:00', '64'),
  ('Question 65', 'Question content for Question 65', '2024-02-03 18:20:00', '2024-02-03 18:20:00', '65'),
  ('Question 66', 'Question content for Question 66', '2024-02-03 18:25:00', '2024-02-03 18:25:00', '66'),
  ('Question 67', 'Question content for Question 67', '2024-02-03 18:30:00', '2024-02-03 18:30:00', '67'),
  ('Question 68', 'Question content for Question 68', '2024-02-03 18:35:00', '2024-02-03 18:35:00', '68'),
  ('Question 69', 'Question content for Question 69', '2024-02-03 18:40:00', '2024-02-03 18:40:00', '69'),
  ('Question 70', 'Question content for Question 70', '2024-02-03 18:45:00', '2024-02-03 18:45:00', '70'),
  ('Question 71', 'Question content for Question 71', '2024-02-03 18:50:00', '2024-02-03 18:50:00', '71'),
  ('Question 72', 'Question content for Question 72', '2024-02-03 18:55:00', '2024-02-03 18:55:00', '72'),
  ('Question 73', 'Question content for Question 73', '2024-02-03 19:00:00', '2024-02-03 19:00:00', '73'),
  ('Question 74', 'Question content for Question 74', '2024-02-03 19:05:00', '2024-02-03 19:05:00', '74'),
  ('Question 75', 'Question content for Question 75', '2024-02-03 19:10:00', '2024-02-03 19:10:00', '75'),
  ('Question 76', 'Question content for Question 76', '2024-02-03 19:15:00', '2024-02-03 19:15:00', '76'),
  ('Question 77', 'Question content for Question 77', '2024-02-03 19:20:00', '2024-02-03 19:20:00', '77'),
  ('Question 78', 'Question content for Question 78', '2024-02-03 19:25:00', '2024-02-03 19:25:00', '78'),
  ('Question 79', 'Question content for Question 79', '2024-02-03 19:30:00', '2024-02-03 19:30:00', '79'),
  ('Question 80', 'Question content for Question 80', '2024-02-03 19:35:00', '2024-02-03 19:35:00', '80'),
  ('Question 81', 'Question content for Question 81', '2024-02-03 19:40:00', '2024-02-03 19:40:00', '81'),
  ('Question 82', 'Question content for Question 82', '2024-02-03 19:45:00', '2024-02-03 19:45:00', '82'),
  ('Question 83', 'Question content for Question 83', '2024-02-03 19:50:00', '2024-02-03 19:50:00', '83'),
  ('Question 84', 'Question content for Question 84', '2024-02-03 19:55:00', '2024-02-03 19:55:00', '84'),
  ('Question 85', 'Question content for Question 85', '2024-02-03 20:00:00', '2024-02-03 20:00:00', '85'),
  ('Question 86', 'Question content for Question 86', '2024-02-03 20:05:00', '2024-02-03 20:05:00', '86'),
  ('Question 87', 'Question content for Question 87', '2024-02-03 20:10:00', '2024-02-03 20:10:00', '87'),
  ('Question 88', 'Question content for Question 88', '2024-02-03 20:15:00', '2024-02-03 20:15:00', '88'),
  ('Question 89', 'Question content for Question 89', '2024-02-03 20:20:00', '2024-02-03 20:20:00', '89'),
  ('Question 90', 'Question content for Question 90', '2024-02-03 20:25:00', '2024-02-03 20:25:00', '90'),
  ('Question 91', 'Question content for Question 91', '2024-02-03 20:30:00', '2024-02-03 20:30:00', '91'),
  ('Question 92', 'Question content for Question 92', '2024-02-03 20:35:00', '2024-02-03 20:35:00', '92'),
  ('Question 93', 'Question content for Question 93', '2024-02-03 20:40:00', '2024-02-03 20:40:00', '93'),
  ('Question 94', 'Question content for Question 94', '2024-02-03 20:45:00', '2024-02-03 20:45:00', '94'),
  ('Question 95', 'Question content for Question 95', '2024-02-03 20:50:00', '2024-02-03 20:50:00', '95'),
  ('Question 96', 'Question content for Question 96', '2024-02-03 20:55:00', '2024-02-03 20:55:00', '96'),
  ('Question 97', 'Question content for Question 97', '2024-02-03 21:00:00', '2024-02-03 21:00:00', '97'),
  ('Question 98', 'Question content for Question 98', '2024-02-03 21:05:00', '2024-02-03 21:05:00', '98'),
  ('Question 99', 'Question content for Question 99', '2024-02-03 21:10:00', '2024-02-03 21:10:00', '99'),
  ('Question 100', 'Question content for Question 100', '2024-02-03 21:15:00', '2024-02-03 21:15:00', '100');


INSERT INTO devko.teams (title, content, section, members, workPosition, startDate, endDate, location, createdAt, updatedAt, userId)
VALUES
  ('Team 1', 'Team content for Team 1', 'Section 1', 5, 'Developer', '2024-02-03 13:00:00', '2024-02-03 15:00:00', 'Location 1', '2024-02-03 13:00:00', '2024-02-03 13:00:00', '1'),
  ('Team 2', 'Team content for Team 2', 'Section 2', 8, 'Designer', '2024-02-03 13:05:00', '2024-02-03 15:05:00', 'Location 2', '2024-02-03 13:05:00', '2024-02-03 13:05:00', '2'),
  ('Team 3', 'Team content for Team 3', 'Section 3', 10, 'Project Manager', '2024-02-03 13:10:00', '2024-02-03 15:10:00', 'Location 3', '2024-02-03 13:10:00', '2024-02-03 13:10:00', '3'),
  ('Team 4', 'Team content for Team 4', 'Section 4', 6, 'Tester', '2024-02-03 13:15:00', '2024-02-03 15:15:00', 'Location 4', '2024-02-03 13:15:00', '2024-02-03 13:15:00', '4'),
  ('Team 5', 'Team content for Team 5', 'Section 5', 7, 'Developer', '2024-02-03 13:20:00', '2024-02-03 15:20:00', 'Location 5', '2024-02-03 13:20:00', '2024-02-03 13:20:00', '5'),
  ('Team 6', 'Team content for Team 6', 'Section 6', 9, 'Designer', '2024-02-03 13:25:00', '2024-02-03 15:25:00', 'Location 6', '2024-02-03 13:25:00', '2024-02-03 13:25:00', '6'),
  ('Team 7', 'Team content for Team 7', 'Section 7', 8, 'Project Manager', '2024-02-03 13:30:00', '2024-02-03 15:30:00', 'Location 7', '2024-02-03 13:30:00', '2024-02-03 13:30:00', '7'),
  ('Team 8', 'Team content for Team 8', 'Section 8', 5, 'Tester', '2024-02-03 13:35:00', '2024-02-03 15:35:00', 'Location 8', '2024-02-03 13:35:00', '2024-02-03 13:35:00', '8'),
  ('Team 9', 'Team content for Team 9', 'Section 9', 10, 'Developer', '2024-02-03 13:40:00', '2024-02-03 15:40:00', 'Location 9', '2024-02-03 13:40:00', '2024-02-03 13:40:00', '9'),
  ('Team 10', 'Team content for Team 10', 'Section 10', 6, 'Designer', '2024-02-03 13:45:00', '2024-02-03 15:45:00', 'Location 10', '2024-02-03 13:45:00', '2024-02-03 13:45:00', '10'),
  ('Team 11', 'Team content for Team 11', 'Section 11', 7, 'Project Manager', '2024-02-03 13:50:00', '2024-02-03 15:50:00', 'Location 11', '2024-02-03 13:50:00', '2024-02-03 13:50:00', '11'),
  ('Team 12', 'Team content for Team 12', 'Section 12', 9, 'Tester', '2024-02-03 13:55:00', '2024-02-03 15:55:00', 'Location 12', '2024-02-03 13:55:00', '2024-02-03 13:55:00', '12'),
  ('Team 13', 'Team content for Team 13', 'Section 13', 8, 'Developer', '2024-02-03 14:00:00', '2024-02-03 16:00:00', 'Location 13', '2024-02-03 14:00:00', '2024-02-03 14:00:00', '13'),
  ('Team 14', 'Team content for Team 14', 'Section 14', 5, 'Designer', '2024-02-03 14:05:00', '2024-02-03 16:05:00', 'Location 14', '2024-02-03 14:05:00', '2024-02-03 14:05:00', '14'),
  ('Team 15', 'Team content for Team 15', 'Section 15', 10, 'Project Manager', '2024-02-03 14:10:00', '2024-02-03 16:10:00', 'Location 15', '2024-02-03 14:10:00', '2024-02-03 14:10:00', '15'),
  ('Team 16', 'Team content for Team 16', 'Section 16', 6, 'Tester', '2024-02-03 14:15:00', '2024-02-03 16:15:00', 'Location 16', '2024-02-03 14:15:00', '2024-02-03 14:15:00', '16'),
  ('Team 17', 'Team content for Team 17', 'Section 17', 7, 'Developer', '2024-02-03 14:20:00', '2024-02-03 16:20:00', 'Location 17', '2024-02-03 14:20:00', '2024-02-03 14:20:00', '17'),
  ('Team 18', 'Team content for Team 18', 'Section 18', 9, 'Designer', '2024-02-03 14:25:00', '2024-02-03 16:25:00', 'Location 18', '2024-02-03 14:25:00', '2024-02-03 14:25:00', '18'),
  ('Team 19', 'Team content for Team 19', 'Section 19', 8, 'Project Manager', '2024-02-03 14:30:00', '2024-02-03 16:30:00', 'Location 19', '2024-02-03 14:30:00', '2024-02-03 14:30:00', '19'),
  ('Team 20', 'Team content for Team 20', 'Section 20', 5, 'Tester', '2024-02-03 14:35:00', '2024-02-03 16:35:00', 'Location 20', '2024-02-03 14:35:00', '2024-02-03 14:35:00', '20'),
  ('Team 21', 'Team content for Team 21', 'Section 21', 10, 'Developer', '2024-02-03 14:40:00', '2024-02-03 16:40:00', 'Location 21', '2024-02-03 14:40:00', '2024-02-03 14:40:00', '21'),
  ('Team 22', 'Team content for Team 22', 'Section 22', 6, 'Designer', '2024-02-03 14:45:00', '2024-02-03 16:45:00', 'Location 22', '2024-02-03 14:45:00', '2024-02-03 14:45:00', '22'),
  ('Team 23', 'Team content for Team 23', 'Section 23', 7, 'Project Manager', '2024-02-03 14:50:00', '2024-02-03 16:50:00', 'Location 23', '2024-02-03 14:50:00', '2024-02-03 14:50:00', '23'),
  ('Team 24', 'Team content for Team 24', 'Section 24', 9, 'Tester', '2024-02-03 14:55:00', '2024-02-03 16:55:00', 'Location 24', '2024-02-03 14:55:00', '2024-02-03 14:55:00', '24'),
  ('Team 25', 'Team content for Team 25', 'Section 25', 8, 'Developer', '2024-02-03 15:00:00', '2024-02-03 17:00:00', 'Location 25', '2024-02-03 15:00:00', '2024-02-03 15:00:00', '25'),
  ('Team 26', 'Team content for Team 26', 'Section 26', 5, 'Designer', '2024-02-03 15:05:00', '2024-02-03 17:05:00', 'Location 26', '2024-02-03 15:05:00', '2024-02-03 15:05:00', '26'),
  ('Team 27', 'Team content for Team 27', 'Section 27', 10, 'Project Manager', '2024-02-03 15:10:00', '2024-02-03 17:10:00', 'Location 27', '2024-02-03 15:10:00', '2024-02-03 15:10:00', '27'),
  ('Team 28', 'Team content for Team 28', 'Section 28', 6, 'Tester', '2024-02-03 15:15:00', '2024-02-03 17:15:00', 'Location 28', '2024-02-03 15:15:00', '2024-02-03 15:15:00', '28'),
  ('Team 29', 'Team content for Team 29', 'Section 29', 7, 'Developer', '2024-02-03 15:20:00', '2024-02-03 17:20:00', 'Location 29', '2024-02-03 15:20:00', '2024-02-03 15:20:00', '29'),
  ('Team 30', 'Team content for Team 30', 'Section 30', 9, 'Designer', '2024-02-03 15:25:00', '2024-02-03 17:25:00', 'Location 30', '2024-02-03 15:25:00', '2024-02-03 15:25:00', '30'),
  ('Team 31', 'Team content for Team 31', 'Section 31', 8, 'Project Manager', '2024-02-03 15:30:00', '2024-02-03 17:30:00', 'Location 31', '2024-02-03 15:30:00', '2024-02-03 15:30:00', '31'),
  ('Team 32', 'Team content for Team 32', 'Section 32', 5, 'Tester', '2024-02-03 15:35:00', '2024-02-03 17:35:00', 'Location 32', '2024-02-03 15:35:00', '2024-02-03 15:35:00', '32'),
  ('Team 33', 'Team content for Team 33', 'Section 33', 10, 'Developer', '2024-02-03 15:40:00', '2024-02-03 17:40:00', 'Location 33', '2024-02-03 15:40:00', '2024-02-03 15:40:00', '33'),
  ('Team 34', 'Team content for Team 34', 'Section 34', 6, 'Designer', '2024-02-03 15:45:00', '2024-02-03 17:45:00', 'Location 34', '2024-02-03 15:45:00', '2024-02-03 15:45:00', '34'),
  ('Team 35', 'Team content for Team 35', 'Section 35', 7, 'Project Manager', '2024-02-03 15:50:00', '2024-02-03 17:50:00', 'Location 35', '2024-02-03 15:50:00', '2024-02-03 15:50:00', '35'),
  ('Team 36', 'Team content for Team 36', 'Section 36', 9, 'Tester', '2024-02-03 15:55:00', '2024-02-03 17:55:00', 'Location 36', '2024-02-03 15:55:00', '2024-02-03 15:55:00', '36'),
  ('Team 37', 'Team content for Team 37', 'Section 37', 8, 'Developer', '2024-02-03 16:00:00', '2024-02-03 18:00:00', 'Location 37', '2024-02-03 16:00:00', '2024-02-03 16:00:00', '37'),
  ('Team 38', 'Team content for Team 38', 'Section 38', 5, 'Designer', '2024-02-03 16:05:00', '2024-02-03 18:05:00', 'Location 38', '2024-02-03 16:05:00', '2024-02-03 16:05:00', '38'),
  ('Team 39', 'Team content for Team 39', 'Section 39', 10, 'Project Manager', '2024-02-03 16:10:00', '2024-02-03 18:10:00', 'Location 39', '2024-02-03 16:10:00', '2024-02-03 16:10:00', '39'),
  ('Team 40', 'Team content for Team 40', 'Section 40', 6, 'Tester', '2024-02-03 16:15:00', '2024-02-03 18:15:00', 'Location 40', '2024-02-03 16:15:00', '2024-02-03 16:15:00', '40'),
  ('Team 41', 'Team content for Team 41', 'Section 41', 7, 'Developer', '2024-02-03 16:20:00', '2024-02-03 18:20:00', 'Location 41', '2024-02-03 16:20:00', '2024-02-03 16:20:00', '41'),
  ('Team 42', 'Team content for Team 42', 'Section 42', 9, 'Designer', '2024-02-03 16:25:00', '2024-02-03 18:25:00', 'Location 42', '2024-02-03 16:25:00', '2024-02-03 16:25:00', '42'),
  ('Team 43', 'Team content for Team 43', 'Section 43', 8, 'Project Manager', '2024-02-03 16:30:00', '2024-02-03 18:30:00', 'Location 43', '2024-02-03 16:30:00', '2024-02-03 16:30:00', '43'),
  ('Team 44', 'Team content for Team 44', 'Section 44', 5, 'Tester', '2024-02-03 16:35:00', '2024-02-03 18:35:00', 'Location 44', '2024-02-03 16:35:00', '2024-02-03 16:35:00', '44'),
  ('Team 45', 'Team content for Team 45', 'Section 45', 10, 'Developer', '2024-02-03 16:40:00', '2024-02-03 18:40:00', 'Location 45', '2024-02-03 16:40:00', '2024-02-03 16:40:00', '45'),
  ('Team 46', 'Team content for Team 46', 'Section 46', 6, 'Designer', '2024-02-03 16:45:00', '2024-02-03 18:45:00', 'Location 46', '2024-02-03 16:45:00', '2024-02-03 16:45:00', '46'),
  ('Team 47', 'Team content for Team 47', 'Section 47', 7, 'Project Manager', '2024-02-03 16:50:00', '2024-02-03 18:50:00', 'Location 47', '2024-02-03 16:50:00', '2024-02-03 16:50:00', '47'),
  ('Team 48', 'Team content for Team 48', 'Section 48', 9, 'Tester', '2024-02-03 16:55:00', '2024-02-03 18:55:00', 'Location 48', '2024-02-03 16:55:00', '2024-02-03 16:55:00', '48'),
  ('Team 49', 'Team content for Team 49', 'Section 49', 8, 'Developer', '2024-02-03 17:00:00', '2024-02-03 19:00:00', 'Location 49', '2024-02-03 17:00:00', '2024-02-03 17:00:00', '49'),
  ('Team 50', 'Team content for Team 50', 'Section 50', 5, 'Designer', '2024-02-03 17:05:00', '2024-02-03 19:05:00', 'Location 50', '2024-02-03 17:05:00', '2024-02-03 17:05:00', '50'),
  ('Team 51', 'Team content for Team 51', 'Section 51', 10, 'Project Manager', '2024-02-03 17:10:00', '2024-02-03 19:10:00', 'Location 51', '2024-02-03 17:10:00', '2024-02-03 17:10:00', '51'),
  ('Team 52', 'Team content for Team 52', 'Section 52', 6, 'Tester', '2024-02-03 17:15:00', '2024-02-03 19:15:00', 'Location 52', '2024-02-03 17:15:00', '2024-02-03 17:15:00', '52'),
  ('Team 53', 'Team content for Team 53', 'Section 53', 7, 'Developer', '2024-02-03 17:20:00', '2024-02-03 19:20:00', 'Location 53', '2024-02-03 17:20:00', '2024-02-03 17:20:00', '53'),
  ('Team 54', 'Team content for Team 54', 'Section 54', 9, 'Designer', '2024-02-03 17:25:00', '2024-02-03 19:25:00', 'Location 54', '2024-02-03 17:25:00', '2024-02-03 17:25:00', '54'),
  ('Team 55', 'Team content for Team 55', 'Section 55', 8, 'Project Manager', '2024-02-03 17:30:00', '2024-02-03 19:30:00', 'Location 55', '2024-02-03 17:30:00', '2024-02-03 17:30:00', '55'),
  ('Team 56', 'Team content for Team 56', 'Section 56', 5, 'Tester', '2024-02-03 17:35:00', '2024-02-03 19:35:00', 'Location 56', '2024-02-03 17:35:00', '2024-02-03 17:35:00', '56'),
  ('Team 57', 'Team content for Team 57', 'Section 57', 10, 'Developer', '2024-02-03 17:40:00', '2024-02-03 19:40:00', 'Location 57', '2024-02-03 17:40:00', '2024-02-03 17:40:00', '57'),
  ('Team 58', 'Team content for Team 58', 'Section 58', 6, 'Designer', '2024-02-03 17:45:00', '2024-02-03 19:45:00', 'Location 58', '2024-02-03 17:45:00', '2024-02-03 17:45:00', '58'),
  ('Team 59', 'Team content for Team 59', 'Section 59', 7, 'Project Manager', '2024-02-03 17:50:00', '2024-02-03 19:50:00', 'Location 59', '2024-02-03 17:50:00', '2024-02-03 17:50:00', '59'),
  ('Team 60', 'Team content for Team 60', 'Section 60', 9, 'Tester', '2024-02-03 17:55:00', '2024-02-03 19:55:00', 'Location 60', '2024-02-03 17:55:00', '2024-02-03 17:55:00', '60'),
  ('Team 61', 'Team content for Team 61', 'Section 61', 8, 'Developer', '2024-02-03 18:00:00', '2024-02-03 20:00:00', 'Location 61', '2024-02-03 18:00:00', '2024-02-03 18:00:00', '61'),
  ('Team 62', 'Team content for Team 62', 'Section 62', 5, 'Designer', '2024-02-03 18:05:00', '2024-02-03 20:05:00', 'Location 62', '2024-02-03 18:05:00', '2024-02-03 18:05:00', '62'),
  ('Team 63', 'Team content for Team 63', 'Section 63', 10, 'Project Manager', '2024-02-03 18:10:00', '2024-02-03 20:10:00', 'Location 63', '2024-02-03 18:10:00', '2024-02-03 18:10:00', '63'),
  ('Team 64', 'Team content for Team 64', 'Section 64', 6, 'Tester', '2024-02-03 18:15:00', '2024-02-03 20:15:00', 'Location 64', '2024-02-03 18:15:00', '2024-02-03 18:15:00', '64'),
  ('Team 65', 'Team content for Team 65', 'Section 65', 7, 'Developer', '2024-02-03 18:20:00', '2024-02-03 20:20:00', 'Location 65', '2024-02-03 18:20:00', '2024-02-03 18:20:00', '65'),
  ('Team 66', 'Team content for Team 66', 'Section 66', 9, 'Designer', '2024-02-03 18:25:00', '2024-02-03 20:25:00', 'Location 66', '2024-02-03 18:25:00', '2024-02-03 18:25:00', '66'),
  ('Team 67', 'Team content for Team 67', 'Section 67', 8, 'Project Manager', '2024-02-03 18:30:00', '2024-02-03 20:30:00', 'Location 67', '2024-02-03 18:30:00', '2024-02-03 18:30:00', '67'),
  ('Team 68', 'Team content for Team 68', 'Section 68', 5, 'Tester', '2024-02-03 18:35:00', '2024-02-03 20:35:00', 'Location 68', '2024-02-03 18:35:00', '2024-02-03 18:35:00', '68'),
  ('Team 69', 'Team content for Team 69', 'Section 69', 10, 'Developer', '2024-02-03 18:40:00', '2024-02-03 20:40:00', 'Location 69', '2024-02-03 18:40:00', '2024-02-03 18:40:00', '69'),
  ('Team 70', 'Team content for Team 70', 'Section 70', 6, 'Designer', '2024-02-03 18:45:00', '2024-02-03 20:45:00', 'Location 70', '2024-02-03 18:45:00', '2024-02-03 18:45:00', '70'),
  ('Team 71', 'Team content for Team 71', 'Section 71', 7, 'Project Manager', '2024-02-03 18:50:00', '2024-02-03 20:50:00', 'Location 71', '2024-02-03 18:50:00', '2024-02-03 18:50:00', '71'),
  ('Team 72', 'Team content for Team 72', 'Section 72', 9, 'Tester', '2024-02-03 18:55:00', '2024-02-03 20:55:00', 'Location 72', '2024-02-03 18:55:00', '2024-02-03 18:55:00', '72'),
  ('Team 73', 'Team content for Team 73', 'Section 73', 8, 'Developer', '2024-02-03 19:00:00', '2024-02-03 21:00:00', 'Location 73', '2024-02-03 19:00:00', '2024-02-03 19:00:00', '73'),
  ('Team 74', 'Team content for Team 74', 'Section 74', 5, 'Designer', '2024-02-03 19:05:00', '2024-02-03 21:05:00', 'Location 74', '2024-02-03 19:05:00', '2024-02-03 19:05:00', '74'),
  ('Team 75', 'Team content for Team 75', 'Section 75', 10, 'Project Manager', '2024-02-03 19:10:00', '2024-02-03 21:10:00', 'Location 75', '2024-02-03 19:10:00', '2024-02-03 19:10:00', '75'),
  ('Team 76', 'Team content for Team 76', 'Section 76', 6, 'Tester', '2024-02-03 19:15:00', '2024-02-03 21:15:00', 'Location 76', '2024-02-03 19:15:00', '2024-02-03 19:15:00', '76'),
  ('Team 77', 'Team content for Team 77', 'Section 77', 7, 'Developer', '2024-02-03 19:20:00', '2024-02-03 21:20:00', 'Location 77', '2024-02-03 19:20:00', '2024-02-03 19:20:00', '77'),
  ('Team 78', 'Team content for Team 78', 'Section 78', 9, 'Designer', '2024-02-03 19:25:00', '2024-02-03 21:25:00', 'Location 78', '2024-02-03 19:25:00', '2024-02-03 19:25:00', '78'),
  ('Team 79', 'Team content for Team 79', 'Section 79', 8, 'Project Manager', '2024-02-03 19:30:00', '2024-02-03 21:30:00', 'Location 79', '2024-02-03 19:30:00', '2024-02-03 19:30:00', '79'),
  ('Team 80', 'Team content for Team 80', 'Section 80', 5, 'Tester', '2024-02-03 19:35:00', '2024-02-03 21:35:00', 'Location 80', '2024-02-03 19:35:00', '2024-02-03 19:35:00', '80'),
  ('Team 81', 'Team content for Team 81', 'Section 81', 10, 'Developer', '2024-02-03 19:40:00', '2024-02-03 21:40:00', 'Location 81', '2024-02-03 19:40:00', '2024-02-03 19:40:00', '81'),
  ('Team 82', 'Team content for Team 82', 'Section 82', 6, 'Designer', '2024-02-03 19:45:00', '2024-02-03 21:45:00', 'Location 82', '2024-02-03 19:45:00', '2024-02-03 19:45:00', '82'),
  ('Team 83', 'Team content for Team 83', 'Section 83', 7, 'Project Manager', '2024-02-03 19:50:00', '2024-02-03 21:50:00', 'Location 83', '2024-02-03 19:50:00', '2024-02-03 19:50:00', '83'),
  ('Team 84', 'Team content for Team 84', 'Section 84', 9, 'Tester', '2024-02-03 19:55:00', '2024-02-03 21:55:00', 'Location 84', '2024-02-03 19:55:00', '2024-02-03 19:55:00', '84'),
  ('Team 85', 'Team content for Team 85', 'Section 85', 8, 'Developer', '2024-02-03 20:00:00', '2024-02-03 22:00:00', 'Location 85', '2024-02-03 20:00:00', '2024-02-03 20:00:00', '85'),
  ('Team 86', 'Team content for Team 86', 'Section 86', 5, 'Designer', '2024-02-03 20:05:00', '2024-02-03 22:05:00', 'Location 86', '2024-02-03 20:05:00', '2024-02-03 20:05:00', '86'),
  ('Team 87', 'Team content for Team 87', 'Section 87', 10, 'Project Manager', '2024-02-03 20:10:00', '2024-02-03 22:10:00', 'Location 87', '2024-02-03 20:10:00', '2024-02-03 20:10:00', '87'),
  ('Team 88', 'Team content for Team 88', 'Section 88', 6, 'Tester', '2024-02-03 20:15:00', '2024-02-03 22:15:00', 'Location 88', '2024-02-03 20:15:00', '2024-02-03 20:15:00', '88'),
  ('Team 89', 'Team content for Team 89', 'Section 89', 7, 'Developer', '2024-02-03 20:20:00', '2024-02-03 22:20:00', 'Location 89', '2024-02-03 20:20:00', '2024-02-03 20:20:00', '89'),
  ('Team 90', 'Team content for Team 90', 'Section 90', 9, 'Designer', '2024-02-03 20:25:00', '2024-02-03 22:25:00', 'Location 90', '2024-02-03 20:25:00', '2024-02-03 20:25:00', '90'),
  ('Team 91', 'Team content for Team 91', 'Section 91', 8, 'Project Manager', '2024-02-03 20:30:00', '2024-02-03 22:30:00', 'Location 91', '2024-02-03 20:30:00', '2024-02-03 20:30:00', '91'),
  ('Team 92', 'Team content for Team 92', 'Section 92', 5, 'Tester', '2024-02-03 20:35:00', '2024-02-03 22:35:00', 'Location 92', '2024-02-03 20:35:00', '2024-02-03 20:35:00', '92'),
  ('Team 93', 'Team content for Team 93', 'Section 93', 10, 'Developer', '2024-02-03 20:40:00', '2024-02-03 22:40:00', 'Location 93', '2024-02-03 20:40:00', '2024-02-03 20:40:00', '93'),
  ('Team 94', 'Team content for Team 94', 'Section 94', 6, 'Designer', '2024-02-03 20:45:00', '2024-02-03 22:45:00', 'Location 94', '2024-02-03 20:45:00', '2024-02-03 20:45:00', '94'),
  ('Team 95', 'Team content for Team 95', 'Section 95', 7, 'Project Manager', '2024-02-03 20:50:00', '2024-02-03 22:50:00', 'Location 95', '2024-02-03 20:50:00', '2024-02-03 20:50:00', '95'),
  ('Team 96', 'Team content for Team 96', 'Section 96', 9, 'Tester', '2024-02-03 20:55:00', '2024-02-03 22:55:00', 'Location 96', '2024-02-03 20:55:00', '2024-02-03 20:55:00', '96'),
  ('Team 97', 'Team content for Team 97', 'Section 97', 8, 'Developer', '2024-02-03 21:00:00', '2024-02-03 23:00:00', 'Location 97', '2024-02-03 21:00:00', '2024-02-03 21:00:00', '97'),
  ('Team 98', 'Team content for Team 98', 'Section 98', 5, 'Designer', '2024-02-03 21:05:00', '2024-02-03 23:05:00', 'Location 98', '2024-02-03 21:05:00', '2024-02-03 21:05:00', '98'),
  ('Team 99', 'Team content for Team 99', 'Section 99', 10, 'Project Manager', '2024-02-03 21:10:00', '2024-02-03 23:10:00', 'Location 99', '2024-02-03 21:10:00', '2024-02-03 21:10:00', '99'),
  ('Team 100', 'Team content for Team 100', 'Section 100', 6, 'Tester', '2024-02-03 21:15:00', '2024-02-03 23:15:00', 'Location 100', '2024-02-03 21:15:00', '2024-02-03 21:15:00', '100');

INSERT INTO devko.comments (mainId, content, createdAt, updatedAt, category, postId, userId) VALUES
  (1, 'Comment 1 for Post 1', '2024-02-03 09:30:00', '2024-02-03 09:30:00', 'general', 1, '1'),
  (2, 'Comment 2 for Post 1', '2024-02-03 09:35:00', '2024-02-03 09:35:00', 'general', 1, '2'),
  (3, 'Comment 3 for Post 1', '2024-02-03 09:40:00', '2024-02-03 09:40:00', 'general', 1, '3'),
  (4, 'Comment 1 for Post 2', '2024-02-03 10:00:00', '2024-02-03 10:00:00', 'general', 2, '4'),
  (5, 'Comment 2 for Post 2', '2024-02-03 10:05:00', '2024-02-03 10:05:00', 'general', 2, '5'),
  (6, 'Comment 3 for Post 2', '2024-02-03 10:10:00', '2024-02-03 10:10:00', 'general', 2, '6'),
  (7, 'Comment 1 for Post 3', '2024-02-03 10:30:00', '2024-02-03 10:30:00', 'general', 3, '7'),
  (8, 'Comment 2 for Post 3', '2024-02-03 10:35:00', '2024-02-03 10:35:00', 'general', 3, '8'),
  (9, 'Comment 3 for Post 3', '2024-02-03 10:40:00', '2024-02-03 10:40:00', 'general', 3, '9'),
  (10, 'Comment 1 for Post 4', '2024-02-03 11:00:00', '2024-02-03 11:00:00', 'general', 4, '10'),
  (11, 'Comment 2 for Post 4', '2024-02-03 11:05:00', '2024-02-03 11:05:00', 'general', 4, '11'),
  (12, 'Comment 3 for Post 4', '2024-02-03 11:10:00', '2024-02-03 11:10:00', 'general', 4, '12'),
  (13, 'Comment 1 for Post 5', '2024-02-03 11:30:00', '2024-02-03 11:30:00', 'general', 5, '13'),
  (14, 'Comment 2 for Post 5', '2024-02-03 11:35:00', '2024-02-03 11:35:00', 'general', 5, '14'),
  (15, 'Comment 3 for Post 5', '2024-02-03 11:40:00', '2024-02-03 11:40:00', 'general', 5, '15'),
  (16, 'Comment 1 for Post 6', '2024-02-03 12:00:00', '2024-02-03 12:00:00', 'general', 6, '16'),
  (17, 'Comment 2 for Post 6', '2024-02-03 12:05:00', '2024-02-03 12:05:00', 'general', 6, '17'),
  (18, 'Comment 3 for Post 6', '2024-02-03 12:10:00', '2024-02-03 12:10:00', 'general', 6, '18'),
  (19, 'Comment 1 for Post 7', '2024-02-03 12:30:00', '2024-02-03 12:30:00', 'general', 7, '19'),
  (20, 'Comment 2 for Post 7', '2024-02-03 12:35:00', '2024-02-03 12:35:00', 'general', 7, '20'),
  (21, 'Comment 3 for Post 7', '2024-02-03 12:40:00', '2024-02-03 12:40:00', 'general', 7, '21'),
  (22, 'Comment 1 for Post 8', '2024-02-03 13:00:00', '2024-02-03 13:00:00', 'general', 8, '22'),
  (23, 'Comment 2 for Post 8', '2024-02-03 13:05:00', '2024-02-03 13:05:00', 'general', 8, '23'),
  (24, 'Comment 3 for Post 8', '2024-02-03 13:10:00', '2024-02-03 13:10:00', 'general', 8, '24'),
  (25, 'Comment 1 for Post 9', '2024-02-03 13:30:00', '2024-02-03 13:30:00', 'general', 9, '25'),
  (26, 'Comment 2 for Post 9', '2024-02-03 13:35:00', '2024-02-03 13:35:00', 'general', 9, '26'),
  (27, 'Comment 3 for Post 9', '2024-02-03 13:40:00', '2024-02-03 13:40:00', 'general', 9, '27'),
  (28, 'Comment 1 for Post 10', '2024-02-03 14:00:00', '2024-02-03 14:00:00', 'general', 10, '28'),
  (29, 'Comment 2 for Post 10', '2024-02-03 14:05:00', '2024-02-03 14:05:00', 'general', 10, '29'),
  (30, 'Comment 3 for Post 10', '2024-02-03 14:10:00', '2024-02-03 14:10:00', 'general', 10, '30'),
  (31, 'Comment 1 for Post 11', '2024-02-03 14:30:00', '2024-02-03 14:30:00', 'general', 11, '31'),
  (32, 'Comment 2 for Post 11', '2024-02-03 14:35:00', '2024-02-03 14:35:00', 'general', 11, '32'),
  (33, 'Comment 3 for Post 11', '2024-02-03 14:40:00', '2024-02-03 14:40:00', 'general', 11, '33'),
  (34, 'Comment 1 for Post 12', '2024-02-03 15:00:00', '2024-02-03 15:00:00', 'general', 12, '34'),
  (35, 'Comment 2 for Post 12', '2024-02-03 15:05:00', '2024-02-03 15:05:00', 'general', 12, '35'),
  (36, 'Comment 3 for Post 12', '2024-02-03 15:10:00', '2024-02-03 15:10:00', 'general', 12, '36'),
  (37, 'Comment 1 for Post 13', '2024-02-03 15:30:00', '2024-02-03 15:30:00', 'general', 13, '37'),
  (38, 'Comment 2 for Post 13', '2024-02-03 15:35:00', '2024-02-03 15:35:00', 'general', 13, '38'),
  (39, 'Comment 3 for Post 13', '2024-02-03 15:40:00', '2024-02-03 15:40:00', 'general', 13, '39'),
  (40, 'Comment 1 for Post 14', '2024-02-03 16:00:00', '2024-02-03 16:00:00', 'general', 14, '40'),
  (41, 'Comment 2 for Post 14', '2024-02-03 16:05:00', '2024-02-03 16:05:00', 'general', 14, '41'),
  (42, 'Comment 3 for Post 14', '2024-02-03 16:10:00', '2024-02-03 16:10:00', 'general', 14, '42'),
  (43, 'Comment 1 for Post 15', '2024-02-03 16:30:00', '2024-02-03 16:30:00', 'general', 15, '43'),
  (44, 'Comment 2 for Post 15', '2024-02-03 16:35:00', '2024-02-03 16:35:00', 'general', 15, '44'),
  (45, 'Comment 3 for Post 15', '2024-02-03 16:40:00', '2024-02-03 16:40:00', 'general', 15, '45'),
  (46, 'Comment 1 for Post 16', '2024-02-03 17:00:00', '2024-02-03 17:00:00', 'general', 16, '46'),
  (47, 'Comment 2 for Post 16', '2024-02-03 17:05:00', '2024-02-03 17:05:00', 'general', 16, '47'),
  (48, 'Comment 3 for Post 16', '2024-02-03 17:10:00', '2024-02-03 17:10:00', 'general', 16, '48'),
  (49, 'Comment 1 for Post 17', '2024-02-03 17:30:00', '2024-02-03 17:30:00', 'general', 17, '49'),
  (50, 'Comment 2 for Post 17', '2024-02-03 17:35:00', '2024-02-03 17:35:00', 'general', 17, '50'),
  (51, 'Comment 3 for Post 17', '2024-02-03 17:40:00', '2024-02-03 17:40:00', 'general', 17, '51'),
  (52, 'Comment 1 for Post 18', '2024-02-03 18:00:00', '2024-02-03 18:00:00', 'general', 18, '52'),
  (53, 'Comment 2 for Post 18', '2024-02-03 18:05:00', '2024-02-03 18:05:00', 'general', 18, '53'),
  (54, 'Comment 3 for Post 18', '2024-02-03 18:10:00', '2024-02-03 18:10:00', 'general', 18, '54'),
  (55, 'Comment 1 for Post 19', '2024-02-03 18:30:00', '2024-02-03 18:30:00', 'general', 19, '55'),
  (56, 'Comment 2 for Post 19', '2024-02-03 18:35:00', '2024-02-03 18:35:00', 'general', 19, '56'),
  (57, 'Comment 3 for Post 19', '2024-02-03 18:40:00', '2024-02-03 18:40:00', 'general', 19, '57'),
  (58, 'Comment 1 for Post 20', '2024-02-03 19:00:00', '2024-02-03 19:00:00', 'general', 20, '58'),
  (59, 'Comment 2 for Post 20', '2024-02-03 19:05:00', '2024-02-03 19:05:00', 'general', 20, '59'),
  (60, 'Comment 3 for Post 20', '2024-02-03 19:10:00', '2024-02-03 19:10:00', 'general', 20, '60'),
  (61, 'Comment 1 for Post 21', '2024-02-03 19:30:00', '2024-02-03 19:30:00', 'general', 21, '61'),
  (62, 'Comment 2 for Post 21', '2024-02-03 19:35:00', '2024-02-03 19:35:00', 'general', 21, '62'),
  (63, 'Comment 3 for Post 21', '2024-02-03 19:40:00', '2024-02-03 19:40:00', 'general', 21, '63'),
  (64, 'Comment 1 for Post 22', '2024-02-03 20:00:00', '2024-02-03 20:00:00', 'general', 22, '64'),
  (65, 'Comment 2 for Post 22', '2024-02-03 20:05:00', '2024-02-03 20:05:00', 'general', 22, '65'),
  (66, 'Comment 3 for Post 22', '2024-02-03 20:10:00', '2024-02-03 20:10:00', 'general', 22, '66'),
  (67, 'Comment 1 for Post 23', '2024-02-03 20:30:00', '2024-02-03 20:30:00', 'general', 23, '67'),
  (68, 'Comment 2 for Post 23', '2024-02-03 20:35:00', '2024-02-03 20:35:00', 'general', 23, '68'),
  (69, 'Comment 3 for Post 23', '2024-02-03 20:40:00', '2024-02-03 20:40:00', 'general', 23, '69'),
  (70, 'Comment 1 for Post 24', '2024-02-03 21:00:00', '2024-02-03 21:00:00', 'general', 24, '70'),
  (71, 'Comment 2 for Post 24', '2024-02-03 21:05:00', '2024-02-03 21:05:00', 'general', 24, '71'),
  (72, 'Comment 3 for Post 24', '2024-02-03 21:10:00', '2024-02-03 21:10:00', 'general', 24, '72'),
  (73, 'Comment 1 for Post 25', '2024-02-03 21:30:00', '2024-02-03 21:30:00', 'general', 25, '73'),
  (74, 'Comment 2 for Post 25', '2024-02-03 21:35:00', '2024-02-03 21:35:00', 'general', 25, '74'),
  (75, 'Comment 3 for Post 25', '2024-02-03 21:40:00', '2024-02-03 21:40:00', 'general', 25, '75'),
  (76, 'Comment 1 for Post 26', '2024-02-03 22:00:00', '2024-02-03 22:00:00', 'general', 26, '76'),
  (77, 'Comment 2 for Post 26', '2024-02-03 22:05:00', '2024-02-03 22:05:00', 'general', 26, '77'),
  (78, 'Comment 3 for Post 26', '2024-02-03 22:10:00', '2024-02-03 22:10:00', 'general', 26, '78'),
  (79, 'Comment 1 for Post 27', '2024-02-03 22:30:00', '2024-02-03 22:30:00', 'general', 27, '79'),
  (80, 'Comment 2 for Post 27', '2024-02-03 22:35:00', '2024-02-03 22:35:00', 'general', 27, '80'),
  (81, 'Comment 3 for Post 27', '2024-02-03 22:40:00', '2024-02-03 22:40:00', 'general', 27, '81'),
  (82, 'Comment 1 for Post 28', '2024-02-03 23:00:00', '2024-02-03 23:00:00', 'general', 28, '82'),
  (83, 'Comment 2 for Post 28', '2024-02-03 23:05:00', '2024-02-03 23:05:00', 'general', 28, '83'),
  (84, 'Comment 3 for Post 28', '2024-02-03 23:10:00', '2024-02-03 23:10:00', 'general', 28, '84'),
  (85, 'Comment 1 for Post 29', '2024-02-03 23:30:00', '2024-02-03 23:30:00', 'general', 29, '85'),
  (86, 'Comment 2 for Post 29', '2024-02-03 23:35:00', '2024-02-03 23:35:00', 'general', 29, '86'),
  (87, 'Comment 3 for Post 29', '2024-02-03 23:40:00', '2024-02-03 23:40:00', 'general', 29, '87'),
  (88, 'Comment 1 for Post 30', '2024-02-03 23:59:00', '2024-02-03 23:59:00', 'general', 30, '88'),
  (89, 'Comment 2 for Post 30', '2024-02-04 00:05:00', '2024-02-04 00:05:00', 'general', 30, '89'),
  (90, 'Comment 3 for Post 30', '2024-02-04 00:10:00', '2024-02-04 00:10:00', 'general', 30, '90'),
  (91, 'Comment 1 for Post 31', '2024-02-04 00:30:00', '2024-02-04 00:30:00', 'general', 31, '91'),
  (92, 'Comment 2 for Post 31', '2024-02-04 00:35:00', '2024-02-04 00:35:00', 'general', 31, '92'),
  (93, 'Comment 3 for Post 31', '2024-02-04 00:40:00', '2024-02-04 00:40:00', 'general', 31, '93'),
  (94, 'Comment 1 for Post 32', '2024-02-04 01:00:00', '2024-02-04 01:00:00', 'general', 32, '94'),
  (95, 'Comment 2 for Post 32', '2024-02-04 01:05:00', '2024-02-04 01:05:00', 'general', 32, '95'),
  (96, 'Comment 3 for Post 32', '2024-02-04 01:10:00', '2024-02-04 01:10:00', 'general', 32, '96'),
  (97, 'Comment 1 for Post 33', '2024-02-04 01:30:00', '2024-02-04 01:30:00', 'general', 33, '97'),
  (98, 'Comment 2 for Post 33', '2024-02-04 01:35:00', '2024-02-04 01:35:00', 'general', 33, '98'),
  (99, 'Comment 3 for Post 33', '2024-02-04 01:40:00', '2024-02-04 01:40:00', 'general', 33, '99'),
  (100, 'Comment 1 for Post 34', '2024-02-04 02:00:00', '2024-02-04 02:00:00', 'general', 34, '100');


INSERT INTO devko.calendars (category, title, content, section, startDate, endDate, location, createdAt, updatedAt, userId) VALUES
  ('calendars', 'Event 1', 'Description for Event 1', 'section1', '2024-02-03 09:00:00', '2024-02-03 12:00:00', 'Location 1', '2024-02-03 08:30:00', '2024-02-03 08:30:00', 'user1'),
  ('calendars', 'Event 2', 'Description for Event 2', 'section2', '2024-02-03 10:00:00', '2024-02-03 13:00:00', 'Location 2', '2024-02-03 09:30:00', '2024-02-03 09:30:00', 'user2'),
  ('calendars', 'Event 3', 'Description for Event 3', 'section3', '2024-02-03 11:00:00', '2024-02-03 14:00:00', 'Location 3', '2024-02-03 10:30:00', '2024-02-03 10:30:00', 'user3'),
  ('calendars', 'Event 4', 'Description for Event 4', 'section4', '2024-02-03 12:00:00', '2024-02-03 15:00:00', 'Location 4', '2024-02-03 11:30:00', '2024-02-03 11:30:00', 'user4'),
  ('calendars', 'Event 5', 'Description for Event 5', 'section5', '2024-02-03 13:00:00', '2024-02-03 16:00:00', 'Location 5', '2024-02-03 12:30:00', '2024-02-03 12:30:00', 'user5'),
  ('calendars', 'Event 6', 'Description for Event 6', 'section1', '2024-02-03 14:00:00', '2024-02-03 17:00:00', 'Location 6', '2024-02-03 13:30:00', '2024-02-03 13:30:00', 'user6'),
  ('calendars', 'Event 7', 'Description for Event 7', 'section2', '2024-02-03 15:00:00', '2024-02-03 18:00:00', 'Location 7', '2024-02-03 14:30:00', '2024-02-03 14:30:00', 'user7'),
  ('calendars', 'Event 8', 'Description for Event 8', 'section3', '2024-02-03 16:00:00', '2024-02-03 19:00:00', 'Location 8', '2024-02-03 15:30:00', '2024-02-03 15:30:00', 'user8'),
  ('calendars', 'Event 9', 'Description for Event 9', 'section4', '2024-02-03 17:00:00', '2024-02-03 20:00:00', 'Location 9', '2024-02-03 16:30:00', '2024-02-03 16:30:00', 'user9'),
  ('calendars', 'Event 10', 'Description for Event 10', 'section5', '2024-02-03 18:00:00', '2024-02-03 21:00:00', 'Location 10', '2024-02-03 17:30:00', '2024-02-03 17:30:00', 'user10'),
  ('calendars', 'Event 11', 'Description for Event 11', 'section1', '2024-02-03 19:00:00', '2024-02-03 22:00:00', 'Location 11', '2024-02-03 18:30:00', '2024-02-03 18:30:00', 'user11'),
  ('calendars', 'Event 12', 'Description for Event 12', 'section2', '2024-02-03 20:00:00', '2024-02-03 23:00:00', 'Location 12', '2024-02-03 19:30:00', '2024-02-03 19:30:00', 'user12'),
  ('calendars', 'Event 13', 'Description for Event 13', 'section3', '2024-02-03 21:00:00', '2024-02-04 00:00:00', 'Location 13', '2024-02-03 20:30:00', '2024-02-03 20:30:00', 'user13'),
  ('calendars', 'Event 14', 'Description for Event 14', 'section4', '2024-02-03 22:00:00', '2024-02-04 01:00:00', 'Location 14', '2024-02-03 21:30:00', '2024-02-03 21:30:00', 'user14'),
  ('calendars', 'Event 15', 'Description for Event 15', 'section5', '2024-02-03 23:00:00', '2024-02-04 02:00:00', 'Location 15', '2024-02-03 22:30:00', '2024-02-03 22:30:00', 'user15'),
  ('calendars', 'Event 16', 'Description for Event 16', 'section1', '2024-02-03 23:59:00', '2024-02-04 02:59:00', 'Location 16', '2024-02-03 23:29:00', '2024-02-03 23:29:00', 'user16'),
  ('calendars', 'Event 17', 'Description for Event 17', 'section2', '2024-02-04 01:00:00', '2024-02-04 04:00:00', 'Location 17', '2024-02-04 00:30:00', '2024-02-04 00:30:00', 'user17'),
  ('calendars', 'Event 18', 'Description for Event 18', 'section3', '2024-02-04 02:00:00', '2024-02-04 05:00:00', 'Location 18', '2024-02-04 01:30:00', '2024-02-04 01:30:00', 'user18'),
  ('calendars', 'Event 19', 'Description for Event 19', 'section4', '2024-02-04 03:00:00', '2024-02-04 06:00:00', 'Location 19', '2024-02-04 02:30:00', '2024-02-04 02:30:00', 'user19'),
  ('calendars', 'Event 20', 'Description for Event 20', 'section5', '2024-02-04 04:00:00', '2024-02-04 07:00:00', 'Location 20', '2024-02-04 03:30:00', '2024-02-04 03:30:00', 'user20'),
  ('calendars', 'Event 21', 'Description for Event 21', 'section1', '2024-02-04 05:00:00', '2024-02-04 08:00:00', 'Location 21', '2024-02-04 04:30:00', '2024-02-04 04:30:00', 'user21'),
  ('calendars', 'Event 22', 'Description for Event 22', 'section2', '2024-02-04 06:00:00', '2024-02-04 09:00:00', 'Location 22', '2024-02-04 05:30:00', '2024-02-04 05:30:00', 'user22'),
  ('calendars', 'Event 23', 'Description for Event 23', 'section3', '2024-02-04 07:00:00', '2024-02-04 10:00:00', 'Location 23', '2024-02-04 06:30:00', '2024-02-04 06:30:00', 'user23'),
  ('calendars', 'Event 24', 'Description for Event 24', 'section4', '2024-02-04 08:00:00', '2024-02-04 11:00:00', 'Location 24', '2024-02-04 07:30:00', '2024-02-04 07:30:00', 'user24'),
  ('calendars', 'Event 25', 'Description for Event 25', 'section5', '2024-02-04 09:00:00', '2024-02-04 12:00:00', 'Location 25', '2024-02-04 08:30:00', '2024-02-04 08:30:00', 'user25'),
  ('calendars', 'Event 26', 'Description for Event 26', 'section1', '2024-02-04 10:00:00', '2024-02-04 13:00:00', 'Location 26', '2024-02-04 09:30:00', '2024-02-04 09:30:00', 'user26'),
  ('calendars', 'Event 27', 'Description for Event 27', 'section2', '2024-02-04 11:00:00', '2024-02-04 14:00:00', 'Location 27', '2024-02-04 10:30:00', '2024-02-04 10:30:00', 'user27'),
  ('calendars', 'Event 28', 'Description for Event 28', 'section3', '2024-02-04 12:00:00', '2024-02-04 15:00:00', 'Location 28', '2024-02-04 11:30:00', '2024-02-04 11:30:00', 'user28'),
  ('calendars', 'Event 29', 'Description for Event 29', 'section4', '2024-02-04 13:00:00', '2024-02-04 16:00:00', 'Location 29', '2024-02-04 12:30:00', '2024-02-04 12:30:00', 'user29'),
  ('calendars', 'Event 30', 'Description for Event 30', 'section5', '2024-02-04 14:00:00', '2024-02-04 17:00:00', 'Location 30', '2024-02-04 13:30:00', '2024-02-04 13:30:00', 'user30'),
  ('calendars', 'Event 31', 'Description for Event 31', 'section1', '2024-02-04 15:00:00', '2024-02-04 18:00:00', 'Location 31', '2024-02-04 14:30:00', '2024-02-04 14:30:00', 'user31'),
  ('calendars', 'Event 32', 'Description for Event 32', 'section2', '2024-02-04 16:00:00', '2024-02-04 19:00:00', 'Location 32', '2024-02-04 15:30:00', '2024-02-04 15:30:00', 'user32'),
  ('calendars', 'Event 33', 'Description for Event 33', 'section3', '2024-02-04 17:00:00', '2024-02-04 20:00:00', 'Location 33', '2024-02-04 16:30:00', '2024-02-04 16:30:00', 'user33'),
  ('calendars', 'Event 34', 'Description for Event 34', 'section4', '2024-02-04 18:00:00', '2024-02-04 21:00:00', 'Location 34', '2024-02-04 17:30:00', '2024-02-04 17:30:00', 'user34'),
  ('calendars', 'Event 35', 'Description for Event 35', 'section5', '2024-02-04 19:00:00', '2024-02-04 22:00:00', 'Location 35', '2024-02-04 18:30:00', '2024-02-04 18:30:00', 'user35'),
  ('calendars', 'Event 36', 'Description for Event 36', 'section1', '2024-02-04 20:00:00', '2024-02-04 23:00:00', 'Location 36', '2024-02-04 19:30:00', '2024-02-04 19:30:00', 'user36'),
  ('calendars', 'Event 37', 'Description for Event 37', 'section2', '2024-02-04 21:00:00', '2024-02-05 00:00:00', 'Location 37', '2024-02-04 20:30:00', '2024-02-04 20:30:00', 'user37'),
  ('calendars', 'Event 38', 'Description for Event 38', 'section3', '2024-02-04 22:00:00', '2024-02-05 01:00:00', 'Location 38', '2024-02-04 21:30:00', '2024-02-04 21:30:00', 'user38'),
  ('calendars', 'Event 39', 'Description for Event 39', 'section4', '2024-02-04 23:00:00', '2024-02-05 02:00:00', 'Location 39', '2024-02-04 22:30:00', '2024-02-04 22:30:00', 'user39'),
  ('calendars', 'Event 40', 'Description for Event 40', 'section5', '2024-02-04 23:59:00', '2024-02-05 02:59:00', 'Location 40', '2024-02-04 23:29:00', '2024-02-04 23:29:00', 'user40'),
  ('calendars', 'Event 41', 'Description for Event 41', 'section1', '2024-02-05 01:00:00', '2024-02-05 04:00:00', 'Location 41', '2024-02-05 00:30:00', '2024-02-05 00:30:00', 'user41'),
  ('calendars', 'Event 42', 'Description for Event 42', 'section2', '2024-02-05 02:00:00', '2024-02-05 05:00:00', 'Location 42', '2024-02-05 01:30:00', '2024-02-05 01:30:00', 'user42'),
  ('calendars', 'Event 43', 'Description for Event 43', 'section3', '2024-02-05 03:00:00', '2024-02-05 06:00:00', 'Location 43', '2024-02-05 02:30:00', '2024-02-05 02:30:00', 'user43'),
  ('calendars', 'Event 44', 'Description for Event 44', 'section4', '2024-02-05 04:00:00', '2024-02-05 07:00:00', 'Location 44', '2024-02-05 03:30:00', '2024-02-05 03:30:00', 'user44'),
  ('calendars', 'Event 45', 'Description for Event 45', 'section5', '2024-02-05 05:00:00', '2024-02-05 08:00:00', 'Location 45', '2024-02-05 04:30:00', '2024-02-05 04:30:00', 'user45'),
  ('calendars', 'Event 46', 'Description for Event 46', 'section1', '2024-02-05 06:00:00', '2024-02-05 09:00:00', 'Location 46', '2024-02-05 05:30:00', '2024-02-05 05:30:00', 'user46'),
  ('calendars', 'Event 47', 'Description for Event 47', 'section2', '2024-02-05 07:00:00', '2024-02-05 10:00:00', 'Location 47', '2024-02-05 06:30:00', '2024-02-05 06:30:00', 'user47'),
  ('calendars', 'Event 48', 'Description for Event 48', 'section3', '2024-02-05 08:00:00', '2024-02-05 11:00:00', 'Location 48', '2024-02-05 07:30:00', '2024-02-05 07:30:00', 'user48'),
  ('calendars', 'Event 49', 'Description for Event 49', 'section4', '2024-02-05 09:00:00', '2024-02-05 12:00:00', 'Location 49', '2024-02-05 08:30:00', '2024-02-05 08:30:00', 'user49'),
  ('calendars', 'Event 50', 'Description for Event 50', 'section5', '2024-02-05 10:00:00', '2024-02-05 13:00:00', 'Location 50', '2024-02-05 09:30:00', '2024-02-05 09:30:00', 'user50');


-- Insert 50 entries into the tags table
INSERT INTO devko.tags (id, name, category, postId) VALUES
  (1, 'Tag 1', 'category1', 1),
  (2, 'Tag 2', 'category1', 2),
  (3, 'Tag 3', 'category1', 3),
  (4, 'Tag 4', 'category1', 4),
  (5, 'Tag 5', 'category1', 5),
  (6, 'Tag 6', 'category1', 6),
  (7, 'Tag 7', 'category1', 7),
  (8, 'Tag 8', 'category1', 8),
  (9, 'Tag 9', 'category1', 9),
  (10, 'Tag 10', 'category1', 10),
  (11, 'Tag 11', 'category1', 11),
  (12, 'Tag 12', 'category1', 12),
  (13, 'Tag 13', 'category1', 13),
  (14, 'Tag 14', 'category1', 14),
  (15, 'Tag 15', 'category1', 15),
  (16, 'Tag 16', 'category1', 16),
  (17, 'Tag 17', 'category1', 17),
  (18, 'Tag 18', 'category1', 18),
  (19, 'Tag 19', 'category1', 19),
  (20, 'Tag 20', 'category1', 20),
  (21, 'Tag 21', 'category1', 21),
  (22, 'Tag 22', 'category1', 22),
  (23, 'Tag 23', 'category1', 23),
  (24, 'Tag 24', 'category1', 24),
  (25, 'Tag 25', 'category1', 25),
  (26, 'Tag 26', 'category1', 26),
  (27, 'Tag 27', 'category1', 27),
  (28, 'Tag 28', 'category1', 28),
  (29, 'Tag 29', 'category1', 29),
  (30, 'Tag 30', 'category1', 30),
  (31, 'Tag 31', 'category1', 31),
  (32, 'Tag 32', 'category1', 32),
  (33, 'Tag 33', 'category1', 33),
  (34, 'Tag 34', 'category1', 34),
  (35, 'Tag 35', 'category1', 35),
  (36, 'Tag 36', 'category1', 36),
  (37, 'Tag 37', 'category1', 37),
  (38, 'Tag 38', 'category1', 38),
  (39, 'Tag 39', 'category1', 39),
  (40, 'Tag 40', 'category1', 40),
  (41, 'Tag 41', 'category1', 41),
  (42, 'Tag 42', 'category1', 42),
  (43, 'Tag 43', 'category1', 43),
  (44, 'Tag 44', 'category1', 44),
  (45, 'Tag 45', 'category1', 45),
  (46, 'Tag 46', 'category1', 46),
  (47, 'Tag 47', 'category1', 47),
  (48, 'Tag 48', 'category1', 48),
  (49, 'Tag 49', 'category1', 49),
  (50, 'Tag 50', 'category1', 50);
